title,flair,selftext,over_18,subreddit,time,id
[DISC] Last Karte - Houjuuigakusha Touma Kenshou no Kioku - Chapter 83-85,DISC,,False,manga,1706115129.0,19eln5j
Looking for reincarnation manhua (or manhwa),,"The mc was, before he was killed by a coalition of cultivators, the strongest cultivator in the world because he was regarded as evil or something? He reincarnates to a wealthy & powerful family, a loving parents & sister, with a strict tutor, and grows strong really fast. I think he has orange or red hair, but I could be mistaken about that. There were rankings of people and I believe he was regarded in the top 25 when I stopped reading. Last I read it had maybe 100 chapters a few years ago? Any help is appreciated. Thank you",False,manga,1706114549.0,19elen6
[DISC] Dungeon Odyssey Chapter 71,DISC,,False,manga,1706114419.0,19elcow
[DISC] The Feline Neighbor and the Unversed in Love - Ch.8,DISC,,False,manga,1706114076.0,19el7su
trying to find a manga,,"this might sound incoherent but there was this one manga i read, very obscure, where this sociopathic protagonist was introduced by the claim that he was birthed out of God's asshole Or some shit like i vividly remember a very questionable intro and then he ended up smearing shit on the walls as a child and eventually killing people and created his own cult of children who killed people",False,manga,1706113243.0,19ekvxr
Help finding this manga,,I'm trying to find this manga where the mc accidentally got accepted by a all girls school because a teacher thought he was a girl because of his name. The school allowed him to still attend but he must dress up as girl and not get caught or the teacher will be fired.,False,manga,1706112803.0,19ekprx
[DISC] Ume and Momo's Ordinary Life - Day 22,DISC,,False,manga,1706111688.0,19eka66
[DISC] Records of Lustful Warriors in Another World â€¢ Isekai koushoku Musou Roku â€” Ch. 17,DISC,,True,manga,1706111534.0,19ek81l
"It's been a while since I posted, but my old dojo got new signboard from calligrapher of the comic book Vagabond!!",ART,,False,manga,1706111048.0,19ek1eb
Can someone help me find this manga,,I remember very little about it i think it was a characters backstory or something. But it was this little girl and she was in a art class or club but she was constantly getting compared to other people and slowly her art became less creative and more realistic until she eventually just quit the art class all together because she couldnâ€™t take it. Thatâ€™s the only part of it i remember pls help ðŸ˜­,False,manga,1706110835.0,19ejyeb
"[Art] - ""Smoking Behind the Supermarket With You"" Color Page in Big Gangan celebrating 1.3 million copies in circulation!",ART,,False,manga,1706110831.0,19ejyc8
Forget the name of this manga,Saisoku Musou no B-kyuu Mahou Tsukai: Ippatsu Utareru Mae ni Sen,It's about a boy seen as useless in his faimly because he has a magic power about 200. Which is very low in that world. He has an attack called magic bullet and some dude in the woods teaches him about how he has the talent to cast spells faster. After a while he gets a wand in the form of guns. Can't remember the name of this manga.,False,manga,1706109912.0,19ejlms
Looking for a Korean manhwa,,"It's one of those with game elements. And has hints of comedy.
The main character can craft things, and went underground at some point to craft items.
He killed a boar, and gained a skill from it, he can craft golems, and made one that looks like an elephant as a moving fortress.

Does anyone know which manhwa this is?",False,manga,1706108951.0,19ej8i1
Top 20 most popular serialized manga series of r/manga 15 jan - 21 jan,ART,,False,manga,1706108777.0,19ej68l
[RAW] - One Punch Man - Chapter 200,,,False,manga,1706108481.0,19ej1zk
[DISC] Kengan Omega Ch. 246 (Comikey),DISC,,False,manga,1706108421.0,19ej15j
[DISC] Kindergarten WARS - Chapter 63,DISC,,False,manga,1706108419.0,19ej14e
[DISC] Shibatarian - Chapter 22,DISC,,False,manga,1706108411.0,19ej10b
[DISC] Oshi No Ko - Chapter 138,DISC,,False,manga,1706108404.0,19ej0vi
Help me find this manga.,,"I am too foggy on details.
The few things i remember are

1. People had no reaction to the MC turning male or female, apart from lusting for female version, else it was completely normal for them.
2. The male version would turn female after an orgasm
3. The female version would turn male after an orgasm, except there were circumstances she didn't.
4. And there was a scene with a doctor saying how the MC had a perfect female body, with XY chromosome. 

I read this more than 5 years back on manga rock.
Would appreciate if this could be Identified.,",True,manga,1706106418.0,19eib6i
[DISC] - She has become a distant existence. - Ch. 6 (By @bukky_kancolle),DISC,,False,manga,1706106378.0,19eianu
[DISC] Pick Me Up! Chapter 79,DISC,,False,manga,1706105603.0,19ei0j5
Need manga recommendations,,"I have read 20th century boys, 21th century boys, billy bat, monster, pluto, slam dunk, real, vagabond, haikyuu, fullmetal alchemist, ajin, oyasumi punpun, beck, berserk",False,manga,1706105492.0,19ehz49
[DISC] Kakegurui (Kari) - Vol. 1 Ch. 7 - Stiff Shoulders - MangaDex,DISC,,False,manga,1706105383.0,19ehxrl
[DISC] - A story about getting a haircut after hearing your crush prefers short hair. - Ch. 6.1 (Extra),DISC,,False,manga,1706104511.0,19ehmkl
I can't remember what this manga is called help please,,"It's about a boy who grew up in a garbage dump has a flying sword does mechanic work and inherited the memories of basically a martial master and he goes to a military training thing gets attacked and injured on a train by monsters and is awarded with a veteran badge since they thought he wouldn't be able to fight anymore



 (solved-Forty Millenniums of Cultivation)",False,manga,1706104299.0,19ehjxq
Help me please,,"So im trying to find a manga I saw once on youtube. Its about a boy who gets kicked out of a party (I think). He later goes to a guild but he has no combat power so he does daily jobs etc. But it turns out hes really good at crafting. He fixed a wall that later makes demons disappear when they touch it. He also helps a girl mining and he basically makes a whole minechaft. Hes later discovered by a guild higher up (I think) so they make a deal without his knowledge for him to become a meister so he can invent stuff and protect him. Oh and he saves the girl priest who turned evil after she got a curse from the church to kill him.

I can go into more detail if u ask me for it. But will be grateful if someone knows it. Not a native english speaker so spelling errors will occur. ",False,manga,1706104209.0,19ehiss
Manga Recommendations,,Looking for mangas which can also have the anime depiction which are similar to Solo Levelling in the sense of a â€˜systemâ€™. Any mangas which have the GUI notifications like Sword Art Online which allows the main character to become op. Thanks.,False,manga,1706103791.0,19ehdpy
New to manga,,"I have been watching anime for a little over a decade . Iâ€™ve enjoyed every bit of it . But these days, everything I watch seems to be the same story recycled over and over . Nothing truly feels new anymore and as arrogant as it sounds, I feel like Iâ€™ve seen it all . I find myself constantly rewatching certain anime just to get that taste of a fresh, amazing, unique story . Iâ€™m not saying Iâ€™m giving up anime, but I think itâ€™s time to pick up some manga 

I have never read any manga up until a few weeks ago when I decided to continue the chainsaw man series by picking up the manga where the anime dropped off. And Itâ€™s been a fun read . But now that Iâ€™ve finally dipped my toe into manga, I realize there are so many unique stories out there that hasnâ€™t been animated yet. I feel like I have so many opportunities . I also finished book one of Goodnight PunPun. Another amazing series that is different from anything Iâ€™ve seen . 

Basically, I wanted to see if you guys could recommend a newbie like me some manga that has an amazing story . Is unique, and has had a lasting effect on you . I love stories that leave an impression . Iâ€™m open to anything . 

I wish I could give a specific genre but my taste is all over the place . Here are a few anime that I like that might give you an idea 

Now and Then, Here and There
Steins Gate 
Tokyo Ghoul + Parasyte the Maxim- (I love drastic character development) 
Kobayashi Maid Dragon 
March comes in like a Lion 
Re-Zero 
Wolf Children 
Silent Voice 
The Boy And The Beast 
Made in Abyss
The Girl who leapt through time 
Chainsaw Man 
The Evangelion Series
JJK


I wish I could name more but it would be a very long post . To highlight something, one particular thing I enjoy very much is seeing character development. I love seeing a bad guy turning good . Or a good guy turning bad . I love seeing a character that grows strong by going through pain and hardship (not through the power of friendship or some hidden ability they discover in them). 

Any recommendations will be appreciated",False,manga,1706103365.0,19eh8o0
[DISC] - I want to silence the telepath girl - Oneshot by Kishirimo,DISC,,False,manga,1706103158.0,19eh698
[DISC] Reincarnation of the Veteran Soldier Chapter 101 | Manhwa Freak,DISC,,False,manga,1706102848.0,19eh2ki
What manga is this from?,,,False,manga,1706102480.0,19egy9b
What manga is this from?,ART,,False,manga,1706101912.0,19egrnv
looking for a romance manga i read years ago,liar x liar,"okay i hate that this is now on my account lmao

BUT

im looking for a stepsibling manga i read years ago that i cannot remember the name of for the life of me

WARNING THIS IS GONNA BE SPOILERS FOR LITERALLY EVERYTHING I REMEMBER

>!i know that at the start the FL dressed up as a highschooler (both characters are adults tho) and when she was outside she ran into her step brother (ML). the ML hit on her and asked her out and she saw this as an opportunity to use him and humiliate him when they broke up. so they date and she tries to hold off on actually touching him or anything but they eventually kiss and shes still doing it under the guise of humiliating him. later on she tries to break it off but cares for him a bit now so she does it via saying shes moving away to another country with her grandma, he gets very upset and a little depressed and she (as his sister) sees hes not doing great with her gone so she as the gf tells him shes actually coming back to japan so hes not depressed. they eventually have sex (he still doesnt know its her) and at some point he finds out about it and they discover that when they were kids (when theyre parents were only dating i think?) they both kinda liked each other but were shy so eventually grew apart and thought the other hated them.!<

>!flashforward they go on a ski trip with their friends (i kind of want to say they went as siblings? theyre friends didnt know theyre dating yet?? BUT IT COULD BE THE OPPOSITE AND THEY WENT AS BF/GF NOT SIBLINGS), they have a cute moment but i dont remember it and yeah. they tell their parents about them dating and the parents take it suprisingly well and in the end they get engaged/married!<

SURELY SOMEONE KNOWS WHAT ITS CALLED IVE SCOURED THE ENDS OF THE EARTH AND I CANT FIND IT

thankyouuu",False,manga,1706101187.0,19egj3a
Why is Scary Campus College University cancelled ?,,"**Note**\- *I am following the example of one of the previous thread* [*https://www.reddit.com/r/manga/comments/199ghus/why\_has\_legendary\_moonlight\_sculptor\_struggled/*](https://www.reddit.com/r/manga/comments/199ghus/why_has_legendary_moonlight_sculptor_struggled/) *in order to prevent this thread from being cancelled.* 

&#x200B;

Do you know the horror manga seinen manga by Close your eyes hoshino creator Nagashii Kouhei called Scary Campus College University ? It was about a college freshmen named Chigarashi Mahina, who wanted to live a university life, while dealing with supernatural elements that threaten her, which is when she seeks the help from a man named Kaoru Makube an expert in the supernatural to protect her.

The series is unique because it provides drama with horror elements that you read from various horror manga, especially where chapter deal with a ""monster of the week"" format where Mahina and Kaoru deal with a supernatural horror on Campus in each chapter/arc, the series in experimental with diversity like Chapter 30 which is a ""lower deck episode"" where the main characters are not in it as it is a standalone scary story but is still part of the series, chapter 62 And 63 which are the only chapters/arc that doesnâ€™t contain the supernatural ""monster of the week"" but instead focuses on the real threat in society which is proven scary in real life ""scam artists"" where they trick people into giving them money and chapter 64 which has a minor appearance of the main character Kaoru but includes a new character who is also an expert in the supernatural.

Despite that, however, it was announced from Kouhei's Twitter account on 31st December 2023 [https://twitter.com/kohei\_nagashius/status/1741420772059750759](https://twitter.com/kohei_nagashius/status/1741420772059750759) that the series is cancelled, and it will end next week, and it was a shame too because it was a mixture of drama and scary elements, and that Kouhei did handle horror, if the series continued, we could have explored Mahina attending her 3rd and final year of university while dealing with dangerous supernatural threat while understand which supernatural creatures are good and bad and if there are some humans who are evil like the supernatural monsters, we could have been introduced to another supernatural specialist from chapter 64 and a final arc where Karou and Chigarashi along with their allies will prepare for their final battle against Kaoruâ€™s old master who is about to unleash something terrifying to the whole world.

So in this thread we need to discuss few thingslike 

why is Scary Campus College University  cancelled, was it due to the low sales of the volumes or something?

Can Nagashii Kouhei continue to do horror like he did with Scary Campus College University with dark horror story anthology series much like most horror mangaka like Junji Itou did, or since he is good at female designs, perhaps another genre like maybe school life harem series or maybe an isekai harem manga series since well the isekai genre is popular, and he is good at fanservice with the girls.",False,manga,1706101081.0,19eghwa
"Which Manga overstayed its welcome to the point you went from liking it, to hating it/losing interest?",,"It's Air Gear for me.   


&#x200B;

The early chapters of Air Gear were fantastic but the plot got so freaking stupid the longer it went on.

  ",False,manga,1706099172.0,19efxoy
Suggest me,,Similar manga and good art like Fool night and kowloon heneric romance,False,manga,1706098331.0,19efp2a
[need help finding this series],,https://www.reddit.com/r/manga/s/wfmRektzND,False,manga,1706097853.0,19efk7m
[DISC] - My Sister Who Cannot Stand Me Is Scary - Ch. 10,DISC,,False,manga,1706096968.0,19efb0m
about having a good memory and oneshots,,"i was scrolling through youtube shorts and i saw a video of guys trying to remember 3 characters with some specific characteristic in 5 seconds, for example, name 3 characters with red hair, etc etc etc.  


seeing these videos i think that i can barely remember any name of characters of the majority of mangas i've read, and sometimes i think about it and i kinda feel sad but at the same time i can't understand how can someone remember the name of so many characters.  


I ve used characters as examples but i can't really remember well some(most) parts of the story too. Actually i've read 575 mangas, being 236 of them oneshots, but obviously i don't expect to remember each one of them, but i like to think that i just remember those i like the most, and the most i like, more i remember. I'm really impressed when i see someone talking about several animes and mangas and remembering everything.  


also, i've observed something kinda obvious but i remember much more mangas with more chapters than just oneshots, and not because they are short, because i remember some of them, but i think that not every author handles well this type of manga. and with this i think the most time you spend reading something regardless of how long it is, you will relate more to it.  


maybe just some obvious stuff  but I felt like I had to say it for my own sake. Sorry if it was a bit repetitive, I'm bad at being objective.",False,manga,1706096611.0,19ef7i6
Cushy Romance Manga,,"Any good ""cliched"" romance manga where the confession takes a decent bit of time (20-100+ chapters)

and the MC isn't a steaming pile of shit (Kanojo Okarishimasu)

Reading these left a hole in my heart :(

* Kokoyabai
* Nagatoro
* Please Go Home Akutsu
* Fuufu Ijou, Koibito Miman
* Yofukashi No Uta (doesn't really fit in this list but still very nice)
* 5 Toubun (i hate harems but this is an exception)

(Good art preferred, ideally)",False,manga,1706096528.0,19ef6t5
[Art] - Nazuna by 'Phantom Seer' artist Kento Matsuura - 'Yofukashi no Uta',ART,,False,manga,1706095614.0,19eey3z
Looking for a manga (VERY vague description),,"I'm looking for a manga that I read once AGES ago. I don't remember much about it, so this is gonna be very vague and it's okay if no one can recognize it from this, but thought I'd give it a shot. Been wondering for a long time.

The setting was some sort of Magic School? The main character (I think) was a girl with twin tails (hair might have been red or reddish). The only other character I remember was this glasses-wearing dude (blonde?) who was maybe bullying her or just didn't like her for some reason, they were like rivals or enemies? He was very good with Magic Stuff, and she might not have been at first.

The Magic School had a Magic Tournament/Competition of some sort, and I remember Main Girl and Glasses Guy had to team up at some point and became friends and/or fell in love during it. Or started falling in love. Maybe. But I never got to see if they ended up together, because I guess the manga wasn't updated and then I lost it.

When I say I read it ages ago, I mean it could've been at any point between 2007-2015. Art style was not too detailed/mature, so honestly the characters could've been anything from elementary schoolers to high schoolers?

If anyone has any idea what this could be, I would love to hear about it. I just want to know if those two ended up together or not, lol.",False,manga,1706094831.0,19eequ2
Need help finding a manga,,"There was a long time I found this particular manga I couldnâ€™t remember itâ€™s name and where I put it

it was about mini racing car like tamiyaâ€˜s

the story went like this

a boy went to a miniature racing car store, found one old box tucked deep in the store, he felt like the car was eager to run, so he decided to buy it.

then he bring that one to a race, the car was too impatient, it went off the track and hit with the wall or something and got a notch on the hood, but when it went off track it left a big mark.

(iâ€™m not confident in the part after this but) the one racing with him thought that car was amazing and give him the winner sticker, now heâ€™s a champion and ppl came to challenge him.

this is about all I could remember

the car was kinda cool and modern, got some character like sharks and stuffs

and some more useless(in the finding) scene like going to a hot bath and drink milk after 

thank you all in advance

https://preview.redd.it/s5ffb9zqddec1.jpg?width=1200&format=pjpg&auto=webp&s=df51ace265e012b098c455b113e0b77fa2e801b6",False,manga,1706094225.0,19eel6s
Fantasy manga with femboy MC,,"Are there any fantasy manga Isekai or otherwise where the MC is a femboy? "" Let's Start an Inn on the Dungeon Island!"" kind of fits but i obviously already know of it.",False,manga,1706094067.0,19eejjo
å‹‡è€…ã«ã¿ã‚“ãªå¯å–ã‚‰ã‚ŒãŸã‘ã©è«¦ã‚ãšã«æˆ¦ãŠã†ã€‚ãã£ã¨æœ€å¾Œã¯ä¿ºãŒå‹ã¤ã€‚ yuusha ni minna netorareta kedo akiramezu ni tatakaou. kitto saigo wa ore ga katsu.,,"https://gammaplus.takeshobo.co.jp/manga/yushaniminna/

A serialized mature manga with Synopsis Mc regains ""everything"" that was taken away from the person transferred to another world (hero)!! The adventure story of a great reversal from a commoner begins!!

I liked the story but, i can't buy the rest of it. ðŸ¤£ This manga just like new story to me. ðŸ¤£ ðŸ¤£",False,manga,1706093910.0,19eei01
[DISC] Osabori Jouzuna Komukai-san wa Ore wo Nigasanai!! - Chapter 13,DISC,,False,manga,1706093388.0,19eedgb
For those who knows the name,,I forgot about the manga name i only know that the fl ( pink haired girl )turned into a teddy bear after being abused and getting married bla bla blaâ€¦. The ml have white hair â€¦..,False,manga,1706092922.0,19ee96h
Kingdom building manwhas that starts from scratch,,"I really like kingdom building manwhas, especially when it starts from scratch, so I really got bored when the mc just take a pre existing kingdom and just rule over it. Manga and manhua is ok too",False,manga,1706092517.0,19ee5le
Sauce?,ART,,False,manga,1706092041.0,19ee19g
Help remembering manga,,"All I can remember is that the mc can time leap when he plays a certain song on the piano. Whatever he does in the past during the time leap affects the present. The last ch I read they found a dude who knows about the girl they're trying to save. Sorry if kinda vague, I don't remember much",False,manga,1706091331.0,19edvg2
Looking for a manga,,"Hi Iâ€™m looking for this short manga about this couple who donâ€™t really interact with each other kinda keep to themesleves from each other then one day they come to the realisation and when he comes home from work sheâ€™s working makeup dressed nicely and made dinner and he starts doing things for her in return they kind of just reignite their love

Itâ€™s short and sweet.",False,manga,1706089139.0,19eddnv
[SL] (Request) Hiiragi-san Chi no Kyuuketsu Jijou,SL,,False,manga,1706088914.0,19edbvt
I need some revolution manga recommendations.,,"I read Destroy and Revolution by Kouji Mori a while ago and I really liked the idea of a normal, average Joe Shmoe coming into some sort of power and leading/co-leading a revolution against the modern government for the corruption they allow and partake in. The only two issues I had with it was that the main character was very half-assed with his ideals, since they were ""given"" to him, and that the story eventually stopped being about revolution and change and focused more on the conflict between two super-powered characters. At least it felt like that to me. 

So if anyone has recommendations similar to that storyline, I'd be very happy. ",False,manga,1706088712.0,19eda8a
[DISC] The Former World Number 1's Alt Character Training Diary :: Chapter 53 :: Kirei Cake,DISC,,False,manga,1706087924.0,19ed3s0
"Forgot the title of a manga I was reading, would appreciate help!",Boku wa Kimitachi wo Shihai suru,"Here's what I remember about it:

1. I was reading it on MangaDex so it is (or was) uploaded there
2. The art style is kind of chibi-ish, but every character is an adult
3. The premise is that there was a high school reunion, I think? But suddenly something paranormal happened and a group of the attendees were sealed in the old school, kind of like isekai I guess. It was a group of 1 man and maybe 4 or 5 women. They had to survive so they used the school's resources to grow their own food and each person had different roles, but the man was treated worse than everyone else. He secretly had a sexual relationship with one of the women (she had pigtails or braids and glasses, basically looked like a quiet shy girl) who convinced him to kind of use sex to gain control of the whole group eventually or something like that.

I somehow lost the tab I kept it open on and can't remember the name of it for the life of me. I tried to search via possible tags like horror, mystery, psychological, harem, but I really can't find it.  


Thank you!",False,manga,1706087671.0,19ed1s5
[DISC] Cute And Lovable Girl Doesn't Deserve To Be Treated Poorly | CH 5 - 10 [End] | by @rokumei1129,DISC,,False,manga,1706087602.0,19ed19l
Does anyone know what manga this thumbnail is from? Thanks in advance.,ART,,True,manga,1706086089.0,19ecp2l
Suggestions after reading berserk,,"I finished berserk and one punch man.
Started to read solo leveling up or something like that and it was super disappointing.
Any suggestions on what I could give a shot ?",False,manga,1706085187.0,19echwb
What is this from?,ART,,True,manga,1706085099.0,19ech80
[Disc] Dragon Yashinatte Kudasai Ch. 8.1,DISC,,False,manga,1706084124.0,19ec91m
[Disc] A Princely Girlfriendâ€™s Bad Habits Ch. 2,DISC,,False,manga,1706084001.0,19ec7yk
"So, 4 months after the memes, is Kagura Bachi actually good?",,"I've started rereading manga and after having been reading different things for hours these last few days, a recommendation from Kagurabachi appeared. In my mind, this manga is nothing more than the Morbius of mangas... So... my question is for those who are reading it or have read a good amount of it. Is it worth giving Kagurabachi a chance or is it a waste of time?

I'm curious if it still has that memey aura and if it's edgy as they say it is.",False,manga,1706082846.0,19eby3f
"[Art] Manga Colouring #24 ""Episode 43"" (Muv Luv Alternative Ch. 43)",ART,,True,manga,1706082623.0,19ebwa0
does anyone know the source to this? is it from a manga or a webtoon or something?,ART,,False,manga,1706081944.0,19ebqfk
[DISC] How to Eat Life â€¢ Inochi no Tabekata â€” Ch. 3,DISC,,False,manga,1706080456.0,19ebdhb
"[DISC] Rivnes - Chapter 65 - Me, Nanase-kun and our First Date",DISC,,False,manga,1706080314.0,19ebcaw
What are some good manga recommendations for 3rd-6th graders?,,"Hello yâ€™all! 

So far we have a â€œlibraryâ€ (if we can call it that, since itâ€™s only a box they take out from every reading day) of books people donated, but I want more and the kids are not really interested if it doesnâ€™t have images. I noticed some of them like anime (attack on titan, 7 deadly sins, Naruto, Demon Slayer, etc), but most of these are not age appropriate or have way too many volumes, which I canâ€™t afford.

Is there a short manga collection that the kids would like?",False,manga,1706080239.0,19ebbnf
[DISC] Komi Can't Communicate - Chapter 441 (VIZ),DISC,,False,manga,1706079701.0,19eb6w2
[DISC] The Revenge of My Youth: My Re Life with a Girl Who Was Too Much of an Angel - Ch.13,DISC,,False,manga,1706079689.0,19eb6qg
Looking for oneshot manga,,"I cant seem to find it, its very old.

Some details I remember is

Some details I remember arelike tribes?

its about a warrior legend

he kills many people with a knife in his mouth at the end

I think there's some virgin sacrifice from another tribe 

it's about a warrior legend with tribes?

the art was really

that's all i got",False,manga,1706079080.0,19eb15u
Manga recommendation,,"Im a big fan of pumpkin night, juujika no rokunin and tokyo ghoul. Revenge stories are great specially if there is gore and torture involved. Any recommendations?",True,manga,1706077789.0,19eaos8
Help,,I'm trying to find a manga I read in middle school I remember the cover had a girl with orange hair and a clock I'm pretty sure it has something to do with witches too,False,manga,1706077514.0,19eam7w
Looking for isekai manga,,"(english is not my first language) 

Mc can communicate with a boy from anoher world using mirror? And her sister apparently get isekai first and pretending to be her in another world.",False,manga,1706077334.0,19eakiz
Could you help me find the manga? :),ART,,False,manga,1706076828.0,19eafjt
Name,ART,,False,manga,1706076664.0,19eadu8
Manga storage/display suggestions.,,"Hey everyone. Iâ€™ve been reading One Piece and other manga on the Shonen jump app for the last 6 years and finally started a physical collection today. 

I was hoping to see if anyone had good suggestions on display and storage. 

I live In a small house with limited room with my gf and I want to find shelves that wonâ€™t take up a lot of space but still allow me to display my collection as it grows.",False,manga,1706076427.0,19eabgn
Recommendations for fun action manga,,Just looking for stuff like sakamoto days or kaijuu no.8. Where itâ€™s an enjoyable series to read with decent to good art,False,manga,1706075821.0,19ea58e
I forgot the name of the manhwa i read months ago.,,I forgot the name of the manhwa i read months ago. The father was a strong swordsman with green hair and his mother was blonde from a renowed family and the son is like a mage and also he has a little sister.,False,manga,1706075678.0,19ea3ur
Looking for a Manhua/manhwa,,"If I remember correctly it should be based in the modern world. The Mc starts off powerful and continues being powerful. The manhua is about sects. Within the sect that the MC is apart of, he is called grandmaster although he is very young.",False,manga,1706075632.0,19ea3e5
[DISC] False Child Ch. 18,DISC,,False,manga,1706075474.0,19ea1x0
[DISC] - I wanna shut up Takamori-kun! (Serialization) - Ch. 3,DISC,,False,manga,1706074451.0,19e9rih
Looking for manga like Dangerous Dungeon Escape,,"It should be a manga where the Mc has to escape and has a system, just like in Dangerous Dungeon Escape. And please, DONT SEND ME ANY MANGAS THAT ARE BLACK AND WHITE ONLY. The mangas should fit all my criterias. Please dont send me ones that only partly fit the reqs.",False,manga,1706073038.0,19e9d0v
what are some crazy evil mcs,,mcs who are absolutely insane and do evil acts without regard anyone only for themselves,False,manga,1706073037.0,19e9d0j
[ART] A Couple of Cuckoos - Volume 21 Cover,ART,,False,manga,1706072113.0,19e934e
[ART] Osananajimi to wa Romcom ni Naranai - Volume 9 Cover,ART,,False,manga,1706071643.0,19e8y06
looking for a manga,,"so the story is about a guy who wrote a novel that is really famous but then he declares to the person he likes and gets rejected, son them he wants to stop writing, all the people that know this want to convince him to not quit and so then he appears in a conference about his novel.

that's everything I remember if someone happens to know what the name is it would be nice.",False,manga,1706071324.0,19e8uj1
[DISC] Shiroyama and Mita-san - Ch. 100 [END],DISC,,False,manga,1706070784.0,19e8ome
I never scene a manga like this,,I donâ€™t know if one exists like this but please tell me so Iâ€™ve been thinking is there a Manga where instead of the party betraying the main character itâ€™s like a party full of females that betray them kind of like in those other mangas Where is the party betrays him and he games a party full of females it swapped some light I havenâ€™t actually seen one like that does one even exist,False,manga,1706070305.0,19e8jco
Tip of my tongue for a regression manga,,"I don't really recall much of the manga, I just remember some salaried man in his 30s was working for a black company, then due to stress and overworking he suffers a heart attack. In his dying moments, he remembers his school crush, and he ends up regressing to when he was a schoolboy and resolves to ask her out.",False,manga,1706069903.0,19e8evg
[Art] Think Only About Your Art (Vagabond),ART,,False,manga,1706069043.0,19e859w
What is The best manga of all time in your opinion?,,Whatâ€™s a Manga thatâ€™s stuck with you all these years?,False,manga,1706068435.0,19e7yeh
"I need help finding this manga so i read this manga a while ago it was about this person who get iskeaied into a game he played, and he lives in this place called the dark foresdt and he summons heroes and troops.",,pls ,False,manga,1706068251.0,19e7wfe
Help finding lost oneshot manga,,"Iâ€™m hoping someone knows what Iâ€™m talking about. I read this manga as a kid that was a collection of oneshots, I barely remember them except one that was a little more clear.

It was about two sisters, I think they might have been royalty or from an important family? One was older and more important, but disabled. The other was younger and swore to protect the other. Maybe the ages were swapped but Iâ€™m pretty sure the older one was disabled. Anyway, the story leads to an assassination attempt. The younger sister gets the older on her back so she can carry her to safety then the older stabs her in the back (literally) and itâ€™s revealed that she ordered the attempt because sheâ€™s miserable in this family and wanted them dead or something like that. It was dark and somewhat graphic too.

Iâ€™d love to be able to find this, I just wish I had the title. If you know what Iâ€™m talking about, let me know! Thanks!",False,manga,1706067936.0,19e7syz
[DISC] Dare demo Dakeru Kimi ga Suki (I Like You Who Can Have Sex Anyone.) - Ch. 27,DISC,,True,manga,1706067712.0,19e7qcq
[SL](Request) Konna Jinsei wa Zettai Iyada,SL,,False,manga,1706067656.0,19e7ppl
Rockstar boy x Normal girl Manga,,Is there any high school rockstar boy x average girl ROMANCE manga to read? Or any emo boy x normal girl?,False,manga,1706067581.0,19e7osi
"[DISC] Mahou Shoujo ni Akogarete (Gushing over Magical Girls) - Ch. 20.5, 35.5, 50.5, & 55.5 (Vol. 4, 7, 10, & 11 Extras)",DISC,,True,manga,1706067265.0,19e7l3c
[DISC] Ama ama Cinderella - Ch. 16-18,DISC,,False,manga,1706066713.0,19e7eny
[DISC] Godaigo Daigo - Ch. 40,DISC,,False,manga,1706066435.0,19e7bc9
Help me find this shoujo manga,,"I cant seem to remember the title! ðŸ˜­ 

In this manga, the main characters are childhood friends/neighbors. The girl sees her self as somewhat of a plain jane, while her friend is handsome. The guy became a model/actor while the girl tries to keep her feelings for the guy a secret. 

help would be very much appreciated!",False,manga,1706162921.0,19f2net
Identifying a regression manhwa ( kinda generic sorry ),,Hi I was hoping to find a manhwa that featured a regressor who had already gone to fight against the demon lord hundreds of times before. He had never been able to damage the demon lord until his last regression and now he somehow knows this regression is different. I believe the first thing he does is kill some bandits in a hut for a quick level up? He also saves a knight whose face is disfigured and fixes her face ( I believe she was the main love interest). Later on he finds a doppelganger of the princess who somehow behaves differently from other doppelgangers. Any help would be appreciated!,False,manga,1706162436.0,19f2ihj
Need help remembering a title,,"So the plot of the manga is about three drank adventurers a dragon warrior, an elf mage and a human healer all trying to find a guy they can raise for themselves. After they find this boy that is considered a failure and raise him up. He also has a skill that can advance his training. Yeah sorry if this is a poor description.",False,manga,1706162111.0,19f2f5w
I need help finding good recommendations for gay manga Series.,,"I am not really a big manga fan, in fact I didn't really know what it was until my nephew told me, which kind of brings me here.  My nephew is absolutely obsessed with the stuff not really a big into the Cartoon stuff, but he likes to read the books. As well as he recently came out to me as gay, because I also am gay,  Which when I came out it was a pretty hard thing for most of our family to accept so he's a bit nervous about coming down to anyone else.

 So I thought for his next birthday I would get him a gay/lgbt book series, just something to help him Feel more normal about being who he is, Because my sister is extremely Catholic and doesn't even like to bring up the talk about sexuality and stuff. So as I don't know much about Manga I was hoping I get some recommendations here, Any would be nice. But probably something PG-13 because I'm pretty sure his mom would murder me if she ever found out I gave him something with smut.",False,manga,1706162054.0,19f2ej8
What is this from?,,"Iâ€™ve been trying to figure out what (Chinese?) manga/manhua this is from, but I canâ€™t figure it out. I tried searching for the images and even translating the little watermark at the bottom right, but nopeâ€”nothing.

Any help is greatly appreciated.

https://x.com/OnlySalvat44712/status/1727405709548253245?s=20",False,manga,1706161726.0,19f2b4s
Help me find this tower manga,Pick Me Up!,"So the MC is transported into a game similar to AFK Arenas and he is trying to survive. Some notable info is that there is a fairy-like entity and that the mc held the account ""Loki"" in the game iirc.",False,manga,1706159472.0,19f1nzr
[DISC] Tokuniaru Hibi | Chapter 12,DISC,,False,manga,1706159035.0,19f1jin
[DISC] It's not Meguro-san's First time | Chapter 71,DISC,,False,manga,1706158960.0,19f1ire
[DISC] Yankee JK Kuzuhana-chan Chapter 186- Let's Scout,DISC,,True,manga,1706158870.0,19f1hlr
Reancarnation manga,,There was a manga that merlin reincarnated in another body but there is a two soul in one body merlin gives advice to boy and boy has a Sister but captured by King something like that what is this manga name,False,manga,1706158727.0,19f1ftc
[DISC] Cry for the Moon (oneshot) by Yukiko,DISC,,False,manga,1706157174.0,19f0zeu
[DISC] Hitomi-chan wa Hitomishiri ch 116,DISC,,False,manga,1706157173.0,19f0zef
[Disc] Bartender Ã  Paris Ch.8,DISC,,False,manga,1706157080.0,19f0yd7
[DISC] The Great Snake's Bride - Chapter 29,DISC,,False,manga,1706156317.0,19f0py4
Which Manga Chapter/Arc damages the reputation of it that it never fully recovered after it?,,"Specific arcs or chapters that tarnished a manga's reputation and image, whether due to character regressions/assassinations, cop outs, and Deus ex Machinas.",False,manga,1706156263.0,19f0pd8
[SL](Request) Dansan Joshi,SL,,False,manga,1706156201.0,19f0opu
AlguÃ©m me indica ai um MangÃ¡/Anime Yaoi ou BL?? TÃ´ precisando..,,(Se virem com negÃ³cio de Jinx ou Killing Stalking eu invado a casa),False,manga,1706156073.0,19f0n9q
manga like nana and noragami,,"currently just finished nana and noragami, i really prefer any story as long as the plot is believable and the characters have depth and a lot of interest. 

you could also say i really love reading tragic manga because of how sad both and intense of them are ðŸ˜­

i am not super into the fantasy aspect of things, i liked noragami because it was believable (ik everything is based off real gods) and not too into the fantasy genre. 

thriller and suspense are also tops of me!",False,manga,1706155652.0,19f0inh
[DISC] DEAD Tube - Ch. 95,DISC,,True,manga,1706155598.0,19f0i2c
Romance recommendations,,"Hi everyone, Iâ€™m looking for good romance mangas i can read. Doesnâ€™t matter if itâ€™s ongoing to completed, just as long it as drama and romance (Iâ€™m ok with nsfw too)

It can also be webtoons and manhwa too

Thank you",False,manga,1706153209.0,19ezqqd
Sunken Rock/Origin,,Can someone tell me if Ken and others appear in Origin? Cuz i wasnt going to read Origin but if boichi made references to Sunken Rock I GOTTA READ IT!,False,manga,1706152421.0,19ezhkz
[Art] - 'A Story About Smoking at the Back of the Supermarket' Illustration by Jinushi,ART,,False,manga,1706151796.0,19eza9e
[SL](Request) Dys Cascade,SL,,False,manga,1706151338.0,19ez4ia
Finding a specific manga/manhua/webnovel I forgot the name of,,"Hey. Around one or two years ago I read a manga, manhua or webnovel. I tend to manhua, but I'm not sure. The setting is the typical ""world turns into a game with a game like system"". The MC returns from the future, so he knows about what will happen and about how to survive the tasks that will come.

The story starts shortly before new year's eve. It's the modern world somewhere in Asia (south Korea probably) in a big city with skyscrapers. It's snowing. Classmates of the MC try to bully him (if I remember correctly, they go a bit overboard with it, or at least try to). But MC with his knowledge and skills from his past life can defeat them easily. At exactly 00:00 (the people and the talk show/news show that is shown from time to time counts it down from ten to zero), the world transforms. Every human receives a status window with a message and the ""games"" start. People are locked at the places they are in right now, some kind of invisible barriers divide the areas into smaller parts and each part has it's own survival game. Many people die, because the tasks are mostly very hard and include some kind of monsters. The MC is more of an anti hero. His own survival is more important to him than that of others and he even tries to use other humans to his advantage, to make himself stronger, even at the cost of them dying.

Any idea which work this is? The name or a link to it would be wonderful. I'm trying to find this manga for months already.",False,manga,1706150896.0,19eyz83
"Looking for a manga, please!",,"All I remember is that the protagonist is a married man, after work he's going home when he gets into a car accident and dies, but a spirit like a mini dragon enters his body and he returns to living, when getting home he sees his wife being attacked by a cannibal ""reptile"" monster, these monsters are reptilians/draconians, the guy bites his wife and then he has to work along with a company that kills these monsters while they need to fidg the cure for his wife. MC also gains powers that rise when him and his wife are happy together, his appearance when with high powers is a guy with ""bird"" face, I guess.",False,manga,1706150110.0,19eyptr
Help finding an oddball isekai,,"It was a weird one that had a female protag and she got dropped in a fantasy world where everything looked like normal adventure rpg elements and enemies

Girl teams up with a group and finds out everything is used for lewd reasons like there being a mushroom that everyone was sucking on like a treasure and the pinnacle of loot was a dragons tail

I recall the dragon being fought not very far in say ch10 or so and the protag cut off a claw but everyone wanted the dragon meat 

Lol its so weird but im just wandering where it went",False,manga,1706149946.0,19eynxh
Help finding name of adventurer city building themed manga,Â <I Was Dismissed From The Heroâ€™s Party Because They Donâ€™t Need ,"I have lost the name of a manga from maybe a year or two back, if this sounds familiar to anyone it would be much appreciated thanks!

There are so many similar mangas so I might be blending some together, this is what I can remember:

Setting: Fantasy/adventurer. People have skills, don't remember seeing non humans. 


Story: The main character is part of an adventurer group. His skill give an exp boost I believe but he is no longer able to keep up with his group and retires on good terms.

Land is granted to him and he travels to a rural village to be the new lord. Along the way he meets and befriends a merchant who becomes his trusted advisor. He develops the village/country by using his exp boost skill for all the villagers. 

He trains the villagers to use weapons that suit their natural ability, like lumberjacks as Frontline warriors, pearl diver as an archer. He forms them into groups and teaches battle strategy. 

He brings them to farm monsters in different areas and raises money and their strength quickly due to the boost. He allies with neighboring nations, I remember there was a ninja type country and maybe one that built ships.

I don't remember a villian but surrounding country's might have been concerned about how strong his country has gotten.",False,manga,1706149896.0,19eynd7
[DISC] Gyaru Sen - Vol. 7 Ch. 57 - Yankee JK and Honey Pancakes,DISC,,True,manga,1706149134.0,19eyecz
[DISC] I Became Friends with the Second Cutest Girl in My Class - Ch. 19.2,DISC,,False,manga,1706149026.0,19eyd3p
Trying to remember title,Kuroha and Nijisuke,"It was a horror-ish manga about a black haired girl who can see shinigami, and a really tough boy who's cursed. The girl was being used by yakuza and later on some assassins were coming after the two.",False,manga,1706149013.0,19eycyd
Sauce?,,"Itâ€™s a necromancer manga where the mc gets powers that have to do with his summons, such as a power that can turn bones into armor, or even bones into weapons.",False,manga,1706148842.0,19eyaut
Hello again I've come looking for more stuff!,,So it's about a guy rooming with 3 other dudes but one of them looks like a girl and the guy that knew them since high school (I think?) is pretty sure it's a guy. The other two are unsure if its a guy or girl but one of those two decided to shoot his shot and go for it despite the other guy saying they're a guy. He also went through a dilemma in his head swinging to one side then the other until he finally came to the conclusion that they look female enough. Hope this helps.,False,manga,1706148806.0,19eyaga
[DISC] UnOrdinary - Episode 328,DISC,,False,manga,1706148215.0,19ey3bq
Cannot find this for the life of meðŸ˜©,,"This webtoon is fairly old and doesn't contain any isekai nor regression. The main character is a blonde saintess capable of majic type healing. She's forced to accompany the Kings army as a healer as they fight a war. 
The first time she meats the male lead is at the abby(?) Where she lives were he takes refuge from a rainstorm (he struggles to sleep during stormy nights because of trauma) she has to stay up all night ceeping watch wile he sleeps, being as quiet as possible so as not to wake him. He turns out to be the commander of the army(during the corse of the story he is against her accompanying the army as it is too dangerous for her). There is a 2nd male lead, the Crown Prince, they have some tension over her but over all its clear that she's gonna end up with the commander.
I remember way to manny details about this thing but still not enough to find it can you help me outðŸ˜…
I can probably answer any other questions about this weboon you may have except the name",False,manga,1706148193.0,19ey31m
"[Disc] Tomorrow, I Will Be Someone's Girlfriend Ch. 129",DISC,,False,manga,1706148174.0,19ey2ss
[Art] Damedol Colored Chapter Covers Volume 1 Version (Chapters 1 and 5),ART,,False,manga,1706147856.0,19exym1
Looking for a cultivation manga where the mc has a house full of powerful items and cooks food that can advance others cultivation lvl,,"eg a tree and a rusty sword that can talk but they're very strong, the mc doesn't know how powerful he might be, he advances very quickly in the sect he tries for, meets 2 girls who argue over him, he has a house that strangers are afraid to enter unless invited because of all the strong stuff in the house. I read this manga idk when and I can't find it again aft losing its name",False,manga,1706147806.0,19exxzl
[DISC] Misetagari no Tsuyuno-chan - Chapter 36,DISC,,True,manga,1706147752.0,19exxc5
[Disc] Kaika Apartment Ch. 1,DISC,,False,manga,1706147545.0,19exuwk
[DISC] Teihen Ryoushu no Kanchigai Eiyuutan - Ch. 58 - Soseki Scans,DISC,,False,manga,1706147267.0,19exrh7
[DISC] Himekishi ga Classmate! - Ch. 61,DISC,,True,manga,1706146921.0,19exnco
"[DISC] I went from the strongest job, <Dragon Knight>, to a beginner level job, <Carrier>, yet for some reason the Heroes rely on me - Ch. 38",DISC,,False,manga,1706146875.0,19exmrd
[DISC] Mairimashita! Iruma-kun - Ch. 333,DISC,,False,manga,1706146255.0,19exf2z
[Disc] The Old Man Who Was Reincarnated as a Cat Ch. 343-348,DISC,,False,manga,1706146019.0,19exc8w
[DISC] Karakai Jouzu no (Moto) Takagi-san - Ch 301,DISC,,False,manga,1706145524.0,19ex5xt
Whatâ€™s your favorite drug related series?,,"Hey friends!

I was hoping to find some good recommendation on your favorite series related to weed, psychedelics or heavy drinking. 

Thanks in advance!",True,manga,1706145414.0,19ex4im
Recommendation,,"I'm looking for a manga where mc have loyal subordinates. But not the one piece type where luffy doesn't act like a captain or most of the time they act as friends and only occasionally they show how loyal they are. I want the overlord type where every word he say is a command. And they only refer to him as lord or sama. Other animes that fit the discretion is eminence of shadow and tsuki ga michibiku isekai doucho. It will also be a plus if the mc has a kingdom or base like in the animes mentioned above. Not necessary but amazing is if he is surrounded more by monster/demi human like tsuki ga michibiku isekai doucho and overlord. Also it would be nice if the story is not to serious. I mean it should have comedy like the animes above and not a stiff vibe. Ps: I'm aware of reincarnated as a slime no need to mention it. 

Thanks for reply",False,manga,1706145243.0,19ex2br
[DISC] Karma na Skill de Musou suru Isekai Harem Kaitoudan - Ch. 25,DISC,,False,manga,1706144353.0,19ewqul
Looking for manga recommendation about MC finding companion in deep sleep or sealed away.,,"Like the title, MC found someone being sealed/has been sleeping in a dungeon or ruin, decided to free them and they decided to accompany him on his adventure.

Original language: Japanese. I would be thankful for any recommendation.",False,manga,1706143653.0,19ewhzi
"[Disc] Moto-Sekai Ichii Sub-chara Ikusei Nikki ~Hi-Player, Isekai wo Kouryaku-chu!~ Ch. 53",DISC,,False,manga,1706143640.0,19ewht4
[DISC] Angel Beats! Travelling Tenshi-chan - ch 6.1,DISC,,False,manga,1706143622.0,19ewhka
[DISC] Ichizu Bitch-Chan - Chapter 151 (Kouhai Scanlations),DISC,,False,manga,1706143387.0,19ewei4
Manga on Android,,"I'm wondering if there are any good apps and/or websites I can use to read manga on my Samsung galaxy s20. I don't mind paying a little fee, just not too expensive.",False,manga,1706142777.0,19ew6om
Appare! Urayasu Tekkin Kazoku Ch 257,DISC,,False,manga,1706141730.0,19evt5f
"[DISC] - Today, Again, on This Veranda - Ch. 34",DISC,,False,manga,1706141657.0,19evs61
Help Finding A Manga,,"There was this manga I read a couple years ago and I need help finding it, itâ€™s a romance manga and itâ€™s about a cat girl and both the guy and girl are in high school. Itâ€™s a 18+ manga censored pages. Pretty sure they fucked or shared the same bed at one point idk forgot. Need for nostalgic reasons as it was the first romance manga I ever read.",False,manga,1706141564.0,19evqyd
"Hello, I'm looking for the name of this manga shoujo.",,"Found it: Onari no Aki to wa Kakawaranai

Hi, I'm looking for a specific manga I read a long ago. Basically, I remember that it was about two friends from school who happen to be neighbors as adults (living next door to each other) I recall that the ml one day ends up taking care of the fl's cat because her cat was sick and she had to hurry up and go to work that day. Also, the ml was a popular kid at school and the fl wasn't, they became friends because they worked together at the library of the school, something happened and they finally grew up apart; then when they met again, the ml now wear glasses and started to being possessive over the fl. If someone happens to know what manga I'm talking about please help me with the name, thank you. <3",False,manga,1706141551.0,19evqs8
Suggestions based on what iâ€™m collecting,,"So i had the chance of picking up the start of lots of manga series, iâ€™ve got the first full metal edition of the fma, the first two volumes of tokyo ghoul, the first two hardback books of vinland saga, the first vizbig of vagabond and the first black edition of death note

Which of these is the best/do you recommend i read first then focus on buying that series. All of these are pretty easy to find besides fma full metal two and vagabond 2

Anyway i just thought i'd see what people reccomend as the best out of these, i like most genres so i'm not really picky.",False,manga,1706141348.0,19evo45
"I remember reading a manga about this, but just couldnâ€™t remember what the name of it. For those, who knows please comment it down below",,"
I made this post a year ago, however still no one was able to tell me what the title of the manga is. 


The manga was about a blue bird humanoid and red humanoid snakeâ€™s child and bird/ eagles. The blue bird has the ability to give Immortality(which the golden bird tried to force him to give him immortality but the blue bird declined and flee) to one person, which he given it to the red snake(his lover) due to her almost dying during child birth.   The eagle/bird relationship with the snakes was enemy and the eagle/bird guards cut off the red snakeâ€™s head(she didnâ€™t die cause she was immortal). Her loverâ€™s body was stolen by the villain of the story(something about a gold bird) but her child was able to escape due to the other snake citizens escaping and the child live on earth.   Also the gold birdâ€™s original body was extremely weak, so he used the blue birdâ€™s body. The daughter grew up, they were going to high school or college(forgotten)they always kept their hair short but their power started to show and their hair always grew super long. They also met with a boy that was in a eagle/bird tribe, the boy did tried to kill her that was before they became friends and they helped one another.   If Iâ€™m correct, the blue bird was injured when the red snake female first met him and the red snake helped him and they get to know each other. That time the snake tribe gotten a disease and tons of people were dying cause of it, the red snake was also one of the third most beautiful snakes of the tribe. The red snake was willing to risk her life to find the flower that was able to save her tribe.   That is currently what I remembered, if someone know the name of that manga please tell me. I have been trying to find that manga for so long, but just couldnâ€™t.",False,manga,1706140374.0,19evaph
[DISC] Otome no Harawata Hoshi no Iro - Chapter 14,DISC,,True,manga,1706139212.0,19euukk
Pls help finding manga,,"Saw some slides of manga but forgot to save so I can't find it I'm gonna write everything I remember pls let me know of you recognize. 

So the MC is male and overweight. 
I think it's a fantasy world but there is a modern Japanese high school there. MC has/had fiancee don't remember why she's with him tho. She doesn't like him if I remember correctly its because he is lazy, oh and his parents asked her to teach him swordsmanship but that didn't work out well. I think they also have some kind of contract between each other that is forceful for her if he decides to use it. (I'm not rly sure it's been almost half a year) And the last thing is he might be a reincarnator not 100% tho. 

Pls if you know what I'm talking about comment. I've tried searching myself but ""manga about overweight MC in fantasy world and academy"" yielded me Mushoku Tensei soo I'm kinda stuck.",False,manga,1706139075.0,19eusmz
[DISC] The Day After Spring - Chapter 5,DISC,,False,manga,1706139012.0,19eurpj
[DISC] IDOLÃ—IDOL STORY! - Chapter 33,DISC,,False,manga,1706138972.0,19eur3z
Tablet vs eReaders?,,"I get manga from the library, but they don't have the ones I want. Thinking of getting a tablet or e-reader. Tablet is quick and shows color, e-reader looks like paper and is easy on the eyes. What do you use, and if you've tried both, which do you suggest?",False,manga,1706138207.0,19euggm
[DISC] Until Your Sword Breaks :: Chapters 10-10.1 :: Kirei Cake,DISC,,False,manga,1706136909.0,19etxxu
If not physical how and where do you read your manga?,,"I am using a app called tachiyomi but since that one is ceasing support and will stop working down the line I am curious on which apps, tools or sites you guys use to read manga.",False,manga,1706135745.0,19ethev
"Is there any good Muay Thai, Kick Boxing, Sambo, Judo, JJB manga/manwha?",,"Or just a Martial arts one that isn't Kengan Ashura, Hajime no Ippo or fucking Baki. Want it to be slightly more realistic",False,manga,1706135463.0,19etdc2
[DISC] The Knight King Who Returned with a God - Chapter 45 (Asura Scans),DISC,,False,manga,1706135164.0,19et8zg
[DISC] D. Gray-man Chapter 250,DISC,,False,manga,1706134822.0,19et41v
Any good manga like Inside Mari?,,I've read the other manga by the author but I was wondering if there's any other good bodyswap type things.,False,manga,1706134459.0,19esypa
Romantic comedy with bit of ecchi ?,,"Hello there ! 

Iâ€™m currently looking for some really cool (and preferably ongoing) romantic comedy manga that has a bit of ecchi (not pornography or anything like that, but some kinky stuff, like in Love x Dilemma or My dress up darling) 

Thanks â€˜",False,manga,1706134183.0,19esup5
[DISC] Nano Machine - Chapter 190 (Asura Scans),DISC,,False,manga,1706132997.0,19esd6u
[DISC] Liar Satsuki Can See Death - Chapter 78,DISC,,False,manga,1706132931.0,19esc9s
"[DISC] Please Go Home, Akutsu-san! - Chapter 165",DISC,,False,manga,1706132510.0,19es661
[DISC] - One Punch Man (Webcomic) - Chapter 150,DISC,,False,manga,1706132453.0,19es5bd
Help me to find the title please (vague),,"So i have seen a manga on Instagram reels. But my fat finger ruin it because accidentally pressed back and i don't seen the name of the manga. So all I remembered is
1. It's school romance (probably) 
2. The girl comes from high class (ojou-sama)
3. She proposed the mc
4.the mc hairstyles kinda looks like H mc
4. Probably published recently (from it art style maybe around 2021 to 2023).
*Sorry for bad english it's not my first language",False,manga,1706132021.0,19eryzc
Searching for a recent Iseki Manga I forgot to save to my Bookmark bar.,,"It is an Iseki about this person dying and being born on the borderlands of a Kingdom.  His father is a minor knight and not much happens other than growing up and info about the village.  Finally, a rep of the King shows up and tells the father that a massive monster was spotted in the forest.  They leave, the boy and father continue on managing the village, with the father going out at night trying to find this giant beast. Eventually the father doesn't come home one night so the mother and boy venture out and find him beat up slumped against a tree.  The beast shows up, boy tells mother to take father to house, and he fights the monster.  He kills it with the last of his strength and passes out next to the monster.  Eventually the Kings knights show up and find the boy.  A bit later the boy finds a girl waiting at the gates of the village, they fight a duel, the boy wins, and we learn she is the princess.  Eventually he decides he wants to go to the Academy,,,,, That is how far I have gotten.  

&#x200B;

I have been searching for it on my bookmarks, and on bookmarks for multiple sites.  I cannot seem to find it however.    If anybody has read this and remembers it I hope you will pass the info on.  Wish my description was better, it is more of a slow burn on action, but I enjoy the relationship between the father and son.  Anyway I offer my thanks!  ",False,manga,1706130377.0,19erb1x
Please help me find this manga,,I remember reading this manga about a year or two back but all i remember was like a guy meeting this idol or famous girl at a gas station and they were gonna kill themselves together im pretty sure,False,manga,1706128075.0,19eqd78
"Manga name. Where the party consist of MC, girl Tank/Warrior??. A fairy and Old Sorcerer.",,"What I remember about this manga is. The girl is in love with the MC, I cant exactly remember whether she is a tank or a warrior. And If I'm not mistaken, She is adopted by the Old Sorcerer in thier party. The fairy on the other hand, always asking for payment if ask for her magic. Her origin story is, She was originally from a moon, But banished because how pretty her race was, And If she dont make offering to the moon her size will getting smaller.  Hence the payment for magic, So she can offer it to the moon. Her size will become smaller if she fail to do so.   
The old sorcerer always having trouble to remember what spell should use in combat, he has amnesia I think. and have back pain, The fairy will heal his back with magic. But will ask for payment first as usual. ",False,manga,1706127876.0,19eqaac
"Iâ€™m pretty new to Manga, I recently got into Gleipnir and love it! Any recommendations for something similar?",ART,,False,manga,1706127080.0,19epyhh
[News] Haruko Ichikawa's Land of the Lustrous Manga Returns from Hiatus,NEWS,,False,manga,1706125423.0,19ep9t8
HELP ME!!!,,"I was reading this one, not supernatural, cutesy romance manga. And then randomly there's this creepy yokai thing. I googled it and it is a yokai, but the only images i could find of it were from this one manga panel. 

Then I closed my incognito tabs by accident and don't remember the name of it. I need to find this manga again. HELP ME!!",False,manga,1706125121.0,19ep5bs
I don't know if I should stop reading shojo,,"So basically every time I read a shojo I end up crying while reading it or after a while, especially when they end, so I don't know if I should stop reading them or should continue.",False,manga,1706124685.0,19eoys9
Why does it take so long for new English volumes,,Why does it take an entire year for them to translate and release a Japanese volume into English. I feel like you could translate a volume in a week so why not just keep English volumes releases around the same time as Japanese releases.,False,manga,1706124684.0,19eoyrr
[Disc] Return of the Mad Demon - Episode 92 Official,DISC,,False,manga,1706123652.0,19eojev
[DISC] How to Break a Triangle - Chapter 07,DISC,,False,manga,1706123356.0,19eof1v
[Disc] Omniscient Reader - Episode 187 Official,DISC,,False,manga,1706123328.0,19eoemz
Does anyone have manga recommendations?? (*^^*),,I need new recommendations it could be anything!!,False,manga,1706123144.0,19eoc16
Looking for a one shot,,Basically the protagonist has power to transform to defeat kaiju but he forgets his life till that point. And heâ€™s called crying devil or something similar because heâ€™s basically forgetting himself to save people. The current protagonist is the 6th rendition of himself,False,manga,1706123093.0,19eob8y
Question,,Guys im thinking of getting grandmaster of demonic cultivation (comic) but i want to know is it complete and if some how many volumes of the comic will there be?,False,manga,1706122778.0,19eo692
[DISC] - One Punch Man - Chapter 200,DISC,,False,manga,1706122505.0,19eo22v
Trying to find a manga name,,"I only remember the cover of the manga, which basically featured a girl with a depressed look on her face and a blue background; and the girl was wearing a hat, I think

 ",False,manga,1706122423.0,19eo0u2
help finding sci-fi/horror manga title,,"i was gifted a horror/sci-fi manga long ago that i really loved but i can't remember the name of it. it had a red, green, and black/white cover and i believe the art went across the spine as well. it followed multiple characters but the one that i remember best was this scientist and a young girl who was a cyborg or robot. she looked like around middle school age. he was hiding or keeping her safe from something. it was kind of dark like akira. i got this volume around the early 2010s so it's not anything new. it's been bothering me that i can't find the book or figure out the title so i thought this would be a great place to start lol ",False,manga,1706120748.0,19enaxe
[DISC] Even a Cat's Paw can be Useful (Nekotete) - Chapter 95,DISC,,False,manga,1706119359.0,19emtv8
[Recommendation] It's hard for me to detect a quality Action Manga,,"Dear Community.

I need some help finding a good action manga(Manhwa is also welcome). I looked into the TOP 50 manga list on MAL but I still want your opinion on what to read.

Recently I started reading Tokyo Ghoul (Watched the Anime in the past) and I like the ""unique"" story and the characters. 

What I desire:

\- The MC (Male or Female) is weak and he/she is getting stronger (Read as character development)

\- No ""medieval"" setting (Berserk, Vagabond, Vinland Saga...)

\- No magic as magic circles (I just can't)

\- No unnecessary ""Ecchi"" (Fighting for titi\*\*s...)

\- At least over 150 chapters

\- No Anime adaptation (Not necessary)

\- If possible modern world (Also not necessary)

\- No mecha, space, mystery 

\- No isekai (Well, only if it's good) (Have read: Solo Leveling - but didn't like it too much)

I don't want to make the list too long. So feel free to recommend me something (My Manga list on MAL is quite ""small""). 

I like the world of Tokyo Ghoul. But I'm open to more. Even better if the manga is ""a hidden gem""

Thank you very much!

&#x200B;",False,manga,1706118630.0,19emr74
Looking for a title of a forgotten manga,,"Hi i am new here so i just wanna be straightforward.

I read a manga few years ago, it was a sol, ecchi, rom school drama. Boy mc is a massage technique inheritor, girl mc is volleyball player in school. 

I saw it last time in coolmic but was removed.",False,manga,1706117221.0,19emhhw
[DISC] L.A.G. Chapter 100,DISC,,False,manga,1706117010.0,19emebs
Otherworldly/spiritual manga?,,"I need some recommendations, similar to:
Kakusan, Children of the sea, Emanon and Cooâ€˜s world, theyâ€™ve have had this specific effect on me, esp the first two and i canâ€™t seem to find anything that compares.",False,manga,1706115782.0,19elwf5
[DISC] Blitz :: Chapter 21,DISC,,False,manga,1706115302.0,19elphj
Good yuri recommendations that aren't super gimmicky or implied?,,"I just finished reading The Summer You Were There, it was really great but also very short. I want to read more yuri stories like that where it doesnt rely on some gimmick like crossdressing or where the yuri is just heavily implied instead of just being a full on story about girls love. Also not interested in anything lewd, just a good yuri manga.",False,manga,1706115195.0,19elo0r
Oshi no Ko Manga Artist Has No Involvement in Amazon's Live Action,,,False,manga,1706206095.0,19ffnt8
Isekai where MC is an orphan and he establishes a city using modern day knowledge,,I have read this manga years before but I can't remember the title. But what I do remember is that mc was reincarnated and woke up in the forest where people in the city throw away unwanted/orphaned children to live on their own. He gathered them and establishes their own city. They even have religion of some sort. Anyone knows the title and was it adapted into anime,False,manga,1706206033.0,19ffmwn
[DISC] Ano Ko no Uroko / That Girl's Scales - Oneshot,DISC,,False,manga,1706205331.0,19ffck9
[DISC] The Breaker 3 â€“ Eternal Force - Chapter 95,DISC,,False,manga,1706205185.0,19ffagr
[ART] gojo vs sukuna by me (jujutsu kaisen),ART,,False,manga,1706205065.0,19ff8r3
Hi! Anybody who can suggest good NSFW manga?,,Hi! I'm looking for a good NSFW/smut manga but with a good story plot. Does anyone can recommend?,True,manga,1706204931.0,19ff6r0
"Finished re-reading 20th Century Boys, and I feel like I finally understand who Friend is",,"In my original read years ago, I believed that Friend was two different people (Fukubei and Katsumata) and that Katsumata took over as Friend on 1/1/15 after Fukubei was shot by Yamane in the science lab. After my reread, I now wholeheartedly believe that Fukubei was never real. Fukubei was just a personality that Katsumata made up as a child. I think this ties into why Friend always wears masks. The masks are both literal and figurative for his personality. This also explains why he can never see what he looks like in mirrors. He doesn't know who or what he is. ",False,manga,1706204092.0,19feubu
Anyone recognise this manga?,,"I need some help from all of you. I found this screenshot from many years ago, anyone know what manga itÂ´s from? I've tried google image search, but couldn't find anything :(

https://preview.redd.it/2h6jazv2fmec1.png?width=1440&format=png&auto=webp&s=05f610cd0e8186ad8c6c2d7928ec58f3edb00438",False,manga,1706203865.0,19feqzi
[DISC] Villager A Wants to Save the Villainess no Matter What Ch. 21,DISC,,True,manga,1706203830.0,19feqgx
"[DISC] I cut ties with the beauties that always made fun of me, but it seems that they actually love me. - Volume 1 Chapter 2 - A Changing Heart",DISC,,False,manga,1706202822.0,19febp1
[DISC] My level up is strange! ~ Reincarnation of a great Man in a Different World - Ch. 12,DISC,,True,manga,1706202594.0,19fe8g2
[DISC] My Path to Killing Gods in Another World - Chapter 67,DISC,,False,manga,1706202454.0,19fe6et
Recommendations for 8yo who loves A Whisker Away,,"I hope you all can help me! My kid loves the Netflix anime adaptation of Amor de Gata. I want to introduce her to manga with something similar. Of course, she also loves Kikiâ€™s Delivery Service and My Neighbor Totoro. Ideally, something in English with a girl protagonist with something magic or a talking cat and possibly a very innocent Romance storyline. I would appreciate some recommendations if you have any!",False,manga,1706201422.0,19fdr8j
LF manga like Parallel Paradise or Daredemo dakeru kimi ga suki.,,"I don't mind even if it's H but please something with a plot and serialized, not the one shot stuffs on nHen. TIA.

Daredemo dakeru kimi ga suki: I really like this art style, dialogue that is not wall of texts and the humor.

Parallel Paradise: Tons of detailed sex scene with unrealistic amount of bodily fluid. Yeah that's about it.",True,manga,1706200924.0,19fdkd3
Need help finding a manhwa,,"A memorable scene: FL went to the tea party of the host who had misunderstood her in the past. When FL left the party, the host came out to talk. While talking, FL dropped a piece of paper. That piece of paper was written about the topic discussed at the party. Therefore, the host understood that the FL was just not good at socializing and did not intend to ignore her.

Additional information

FL white hair

The family let FL marry in place of her younger sister.

I'm not sure if the additional information is correct. I've read many manhwas. Not sure if there are many mixed stories or not.",False,manga,1706200908.0,19fdk5n
(source:- jagaaaaaan)I feel sorry for this guy.,ART,,False,manga,1706200549.0,19fdfbs
[DISC] Mob kara Hajimaru Tansaku Eiyuutan - Ch. 20,DISC,,False,manga,1706200392.0,19fdd5c
[ART] - Sweet things she likes. - 'Sousou no Frieren',ART,,False,manga,1706198842.0,19fcrt6
[DISC] Only Rika - Chapter 12,DISC, [1 | Chapter 12 - Only Rika - MangaDex](https://mangadex.org/chapter/1bf98cd5-95f8-42d1-816b-27eaf35f1b67) ,False,manga,1706198727.0,19fcqbc
[Disc] Haiiro no Onmyouji (Gray Exorcist) - Chapter 7,DISC,,False,manga,1706198668.0,19fcpjf
[DISC] Solo Farming In The Tower Chapter 45,DISC,,False,manga,1706198277.0,19fck1m
[DISC] The Grim Reaper Falls in Love With a Human (ch 33),DISC,,False,manga,1706198003.0,19fcgdm
[DISC] Tokyo Neon Scandal (ch 79),DISC,,False,manga,1706197914.0,19fcf7t
[DISC] Disaster Fox Kuzure-chan (ch 31),DISC,,True,manga,1706197798.0,19fcdky
What's this,,,False,manga,1706197104.0,19fc4cj
Looking for a manga,,Does anybody know manga where main couple are hetro and same-sex side couple?,False,manga,1706196953.0,19fc2h7
[DISC] No\Name - Chapter 1,DISC,,False,manga,1706194845.0,19fba21
[DISC] Kaiju No. 8: B-Side - Chapter 3,DISC,,False,manga,1706194834.0,19fb9wf
[DISC] Rugby Rumble - Extra Chapter,DISC,,False,manga,1706194826.0,19fb9sb
[DISC] Wild Strawberry - Extra Chapter,DISC,,False,manga,1706194819.0,19fb9o0
[DISC] Sachiâ€™s Records ã€œSachiâ€™s Book of Revelationã€œ - Chapter 16,DISC,,False,manga,1706194811.0,19fb9j3
[DISC] Skeleton Double - Chapter 32,DISC,,False,manga,1706194804.0,19fb9f3
Looking For Sauce: Manga where MC switches out core/souls of Monsters,,"I only remember parts of the story unfortunately.

MC is trying to do a higher tiered quest from the local guild or something and is initially denied. Then, an arrogant higher ranked adventurer or guild staff offers to bring him into one of his missions. They go on said mission and encounter a monster that's ranked even higher than the adventurer. MC proceeds to one shot the monster by switching out its soul or monster core or something.

&#x200B;

Sorry for the lack of info. Please help me find this story!",False,manga,1706194404.0,19fb4bq
[DISC] SSS-Class Suicide Hunter Chapter 110 | Reaper Scans,DISC,,False,manga,1706194355.0,19fb3pe
What do you think about shounen mangakas who don't kill their characters?,,"I was searching how many characters actually dies in Boku no Hero, cuz to the part i stopped following the story, no one relevant had died, just to realize that there was a very small list, filled with random characters like ""Nomu #4"" or a character that had 5 lines that appeared on that 1 arc, and i started to think, how can you build tension when there's nothing at stake? 

&#x200B;

In a shounen, usually the characters put their lifes on the line when fighting a enemy, so you get tense cuz you like that character and you don't want for him to die, but after a while, when you realize that there's no danger for your favorite character, or to any character, what keeps it interesting? If they lose a fight, they'll just show up in the hospital in a couple of chapters and that's it, so there's no sense of urgency to anything once you notice that",False,manga,1706194318.0,19fb38q
[DISC] The Board King (Ban'ou) - Chapter 14,DISC,,False,manga,1706193895.0,19faxtd
Gore manga Recs,,"Recent just finished reading jagaaan, and I've read starving anonymous and feeding lamb some time ago, and really into the gore and dark themes they have, anyone got recommendation to mangas which are similar and/or have detailed panels of explicit gore scenes",True,manga,1706193766.0,19faw58
Does anyone know the name of this manga??,ART,,True,manga,1706193478.0,19fas94
Do u know if any mangas where one of the love interests is emotionally damaged and itâ€™s like a healing process thing?,The plural of manga is manga.,Ye,False,manga,1706193278.0,19fapjc
What is your favorite example of translator note?,,I think translator notes are some of the most interesting things to read of the funniest thing to read. Whether it be an explanation for a single provide riddle taking up most of the blank space they can or a translator joining in on a joke making it even funnier. Wanted to know people favorite example of translator note.,False,manga,1706192862.0,19fak6j
[DISC] DON'T COUNT YOUR TANUKIS :: Chapter 39,DISC,,False,manga,1706192582.0,19fagkm
I need help finding the name of this artstyle. I feel like ive seen it in manga/ manga related media,,,False,manga,1706192553.0,19fag7q
[DISC] Bocchi the Rock! Gaiden: Hiroi Kikuri no Fukazake Nikki - Chapter 13 (Unrelated Translations),DISC,,False,manga,1706192245.0,19fac91
[Vinland saga]. Thorfinn drawn by me,ART,,False,manga,1706191755.0,19fa68f
COSMOS - Volume 2 Cover,ART,,False,manga,1706190836.0,19f9uk5
top 10 best manga?,,im new to manga and currently reading jujutsu kaisen so some recs would be appreciated :),False,manga,1706190793.0,19f9u1l
MamaYuYu - Volume 1 Cover,ART,,False,manga,1706190547.0,19f9r0b
ARE YOU A LEGEND?,,Dbl,False,manga,1706190506.0,19f9qi9
Looking for industrial themed manga,,"By industrial I mean setting where MC works in some type of heavy industry, especially steel mill, chemical refinery and such. Any type of plot will suffice, I don't care if it's shonen, isekai or anything really, just really curious if there is something in these theme. 
I'm also not looking for stories where this is just a small part of the story, line Dr.Stone. I like it, I just want something with industrial imaginery. Can be sci-fi tho, even fantasy if there something connected to the theme.",False,manga,1706188972.0,19f97z5
"(repost) I need help finding the sauce, please",ART,,True,manga,1706188682.0,19f94nd
Mushoku Tensei ~Isekai Ittara Honki Dasu~ Special Book - Chapter 4,DISC,,False,manga,1706188560.0,19f939w
[DISC] One Day Outing Foreman - Ch. 51 - Humming,DISC,,False,manga,1706188308.0,19f90eq
[DISC] Bonus Chubby Mi'ke - Ch 10.5 by @yakitomahawk,DISC,,False,manga,1706188204.0,19f8z69
Anyone recognize this manga?,,,False,manga,1706187500.0,19f8qw8
Find that manga - MC on a yakuza killing spree,,"It's a story about a young man, long hair, not tie up most of the time. He lacks empathy and ended up on a yakuza killing in the beginning of the story. Later he got entangled with a girl. I remember he hide inside a giant delivery box and got in a target house. I remember I read up till a short old man is hired to take care of the MC.

The setting is urban, current society 

The manga cover art features a girl holding onto something as if she is gonna fall. No super power or supernatural power. Just the usual manga aura thing.",False,manga,1706187072.0,19f8m9t
Revenge of the Sword Clan's Hound,,# Does anyone know which chapter in Light novel 'Revenge of the Sword Clan's Hound' to start reading after I complete chapter 62?,False,manga,1706186637.0,19f8hkd
[ART] Yuzukawa illustration by Sakayama Shinta (Yuzukawa-san wants you to understand),ART,,False,manga,1706185939.0,19f8a4w
[DISC] Dungeon ni Hisomu Yandere na Kanojo ni Ore wa Nando mo Korosareru - Ch. 7,DISC,,False,manga,1706185026.0,19f80mg
does anyone know where this is from?,I won't sleep with you for free,,False,manga,1706184992.0,19f80bg
requesting recommondations for thrillers/crime procedurals,,"Hello! My favorite genre are thrillers of all kind. Can you recommend me psychological thrillers, suspense thrillers, crime procedurals, detective investigations, mysteries, cat & mouse games and the like?

preferably without supernatural or sci-fi elements and at least respectful portrayal of mental illness/no outdated psychology (it's fine if it's an older manga)

 Thank you for any recommendations!

I've read these thrillers/mysteries:

[Monster](https://myanimelist.net/manga/1/Monster) (almost finished, really amazing)

[Detective Conan](https://myanimelist.net/manga/1061/Meitantei_Conan) (been following this one for most of my life)

[Don't say Mystery/Mystery to Iu nakare](https://myanimelist.net/manga/111229/Mystery_to_Iu_nakare) (this mystery manga makes you feel so cozy)

[Shinai naru Boku e Satsui wo Komete](https://myanimelist.net/manga/115746/Shinai_naru_Boku_e_Satsui_wo_Komete) (i didn't like the plottwist and dropped it, but the build-up and art was amazing)

[Death Note](https://myanimelist.net/manga/21/Death_Note) 

[Tomie](https://myanimelist.net/manga/912/Tomie) (finished & loved it)

[The Promised Neverland](https://myanimelist.net/manga/100128/Yakusoku_no_Neverland)

[Apothecary Diaries](https://myanimelist.net/manga/107562/Kusuriya_no_Hitorigoto?q=Apothecary%20&cat=manga) (i am watching the anime but have also started to read the manga)

[Route End ](https://myanimelist.net/manga/104298/Route_End)

Manhwa/Webtoons:

Bastard

My deepest secret

Strangers from Hell/Hell is other people

Connect",False,manga,1706184897.0,19f7zc9
Trying to find the sauce after my backup file got corrupted,,"Uhmm, unfortunately i dont have any image to help with but i have clear idea of the plot.

Its an isekai ( technology gap?) inventor male lead manga. MC was reincarnated into this laid back village, where he learned of a church that handles the education of the children there. the priest( sorry im not clear if he is a priest or just a researcher) was almost at his wit's end trying to decipher a book of an ancient civ. if not for the mc trying to help.

Currently the two of them is still deciphering the book where i left them, I can't find it on my list at tachiyomi for some reason. thanks for the help!",False,manga,1706184692.0,19f7xc1
[DISC] Hero's Party Want to Experience LOVE - Ch. 8,DISC,,False,manga,1706183902.0,19f7pb1
Tip of my tongue Kitsune Manga.,Youkai Gurentai,"A while ago I found a Manga about a Supernatural special force that went around dealing with crimes from other supnats, with the main protagonist being this lady who hates Yokais/Supnats because they killed her family when she was young, but she's actually a Kitsune herself. 

I believe there was a scene where a Kitsune was described as loving Chaos and was there whispering into the ears of leaders to cause wars and chaos.

I can't for the life of me find out what the Manga was called again, any help will be much appreciated! Thank you in advance.",False,manga,1706183814.0,19f7ofs
[DISC] Even a Cat's Paw can be Useful (Nekotete) - Chapter 96-97,DISC,,False,manga,1706182940.0,19f7g2f
Immersive Manga Recommendations,,"Now, this might be a bit too specific and vague of a recommendation request, but I'm looking for a manga to get lost in.

Recently I've been feeling kind of down and bored all the time, and because of winter I'm not leaving my house as much, so I find myself just doing nothing for most of the day. To counter this boredom, I'd love to find a series that I could get lost in. Ideally, I'd like a bit of a longer series (but not too long, 30 volumes max), with characters that I'd fall in love with, a cool world, an engrossing plot, and action would be nice as well, but it's not a must. And since I'm kind of impatient, if the manga can hook me from the very start, that would be even better.

For reference here are some series that I've already seen and think fit this criteria:

\- Hunter x Hunter

\- Magi

\- Mushoku Tensei

\- One Piece

\- Golden Kamuy

\- Fullmetal Alchemist

&#x200B;",False,manga,1706182844.0,19f7f5d
Are there any mangas like Farming Life in Another World?,The plural of manga is manga.,I'm searching for one,False,manga,1706182797.0,19f7enl
Any good manga to read?,,"Ive watched a lot of animes and have started to read mangas recently. I read juujika no rokunin recently, it was dark, gore but it was really frickin good.
I also read beck, jagaaaaaan, my dearest self with malice aforethought, boys abyss, the flowers of evil, ajin demi human.
I can't find good manga to read. Any good suggestions? Manhwas will do as well.",False,manga,1706181389.0,19f71tb
Where are these from?,,"&#x200B;

https://preview.redd.it/xw85sah0lkec1.jpg?width=1638&format=pjpg&auto=webp&s=ebf1cf7a38ff2783f689542c487ffdab0926432b

https://preview.redd.it/hhqsmch0lkec1.jpg?width=1639&format=pjpg&auto=webp&s=f83a17171fd8e75a3add68f87790dc68db4a542c

https://preview.redd.it/z2mwrdh0lkec1.jpg?width=1638&format=pjpg&auto=webp&s=e76633d62093a1b25039187ddc8c5ef633773089

https://preview.redd.it/4ehm4eh0lkec1.png?width=2360&format=png&auto=webp&s=385fead56eb54b446d646bddd471252b0f892a10",False,manga,1706181338.0,19f71da
Manga like the ones i read recently,,"Recently i read some really unique but goddamn amazing mangas which are not much popular. They include my dearest self with malice aforethought, climber, aku no hana. I read all 3 of them in 3 days lmao (1 day for each). I'm looking for more such manga which are unique, niche, psychological to some extent. In short i don't want light hearted manga but heavy ones. I don't mind action but it'd be better without it for now. Also seinen is a must as I don't think such mangas are possible in shonen",False,manga,1706180593.0,19f6ujb
Can anyone tell me how Hengoku no Schwester ends?,,I noticed that they only have translations for volumes 1-4 and the first chapter of volume 5 but there are 6 total volumes. I canâ€™t find websites that have the 2 missing volumes even in non English. If anyone could help me iâ€˜d really appreciate it!,False,manga,1706179033.0,19f6gh4
[DISC] Radiation House Ch.83,DISC,,False,manga,1706178877.0,19f6f77
[DISC] - Vinland Saga - Ch. 208,DISC,,False,manga,1706178274.0,19f6a6q
plz help me to find manga!,,"Seinen, psyhological, school, erotics2000-2015, probably. Unusual art style like Inio Asano, but certainly not him  
Single or short tome  
Plot: Ugly, bad personality girl make a deal with devil or something evil - she becomes beautiful, but instead she has two option to choose: The World will desappear in a few days, or she will die in a few days. She choose world's end of couse and become liberated, starts to have sex with almost every boy at school (its definitely not hentai)It was dark story with very beautiful girl portrait on cover.I can't find with piece in a 5-7 years, i think, maybe you will help me? Does you remember something like it?  


Thank you!!!",False,manga,1706178254.0,19f69zq
where do i pick up after watching the hajime no ippo anime,,i completed the hajime no ippo anime last night(was in absolute tears)and was wondering where to start the manga from? Like the chapter or volume number,False,manga,1706177586.0,19f64fj
[DISC] - Introvert Tsubame Wants to Change - Ch. 15,DISC,,False,manga,1706177356.0,19f62ff
Looking for manga or anime,,"Okay so i know there is this anime where some guu gets isekaied with his house to a new world but id also like a recommendation for a manga and/or anime where some guy or gal turns into a house via isekai reincarnation or any other method any other ones where they turn into inanimate obfects or structures would be goo too

(Yes i know about the one with the vending machine)",False,manga,1706177211.0,19f618l
Emma - seinen - ending,,"Hello! I loved this manga, set in Victorian England. I've never got the opportunity to read it all, and I was thinking of buying the 7 volumes of the original series. But I wanted to make sure that it has a proper ending (as in : the mangaka didn't give up on the project) before committing to a 300â‚¬ expense. Thank you all!",False,manga,1706177085.0,19f607w
Emma - seinen - ending,,"Hello! I loved this manga, set in Victorian England. I've never got the opportunity to read it all, and I was thinking of buying the 7 volumes of the original series. But I wanted to make sure that it has a proper ending (as in : the mangaka didn't give up on the project) before committing to a 300â‚¬ expense. Thank you all!",False,manga,1706177079.0,19f6065
Manga Recommendations.,,"I need manga to read. I want to put a soft hold on manhua/manhwa romance and action. But I want to start reading manga again. I have started reading Ajin, and I just finished 21st century boys. I main read psychology, horror, gore and or there are just lots of death, bleeding and themes that make yoi question your morality or mentality. Or just generally get you thinking of the next part or what the characters would do next. 
I don't want manga that already have anime, but if it's being a while since the anime aired and there is no possibility of a Second season then please recommend it. 

Thank you ðŸ™ðŸ™",True,manga,1706176586.0,19f5vvi
Breakthrough Brought by Forbidden Master and Disciple question,,"I just started, and Iâ€™m a little weirded out by Sadith and Eirth. Do they end up together? Does he end up with Fiancei?",False,manga,1706175912.0,19f5qqf
Sauce anyone??,ART,,False,manga,1706174767.0,19f5hnj
Trying to find this light novel and manga,,So there was this manga or light novel about a loner in his last year of Highschool. So he saved a girl's life by sacrificing himself from truck-kun. He finds out that the girl and himself are back in time to their 1st year of Highschool.,False,manga,1706174550.0,19f5fzv
please help me find this manga,,It's about a princess with white hair that doesn't want to be married because of an arrange marriage with a prince with red hair so the princess tries to make him divorce her sorry for so little info,False,manga,1706174063.0,19f5c64
Looking for a bdsm manga like tsumi to kai,,"I don't want it to be hentai, but I guess it can be. Really I just want something i haven't already seen where a guy is dominated and humiliated by a girl",False,manga,1706174025.0,19f5bvd
"Have yall read this manga before, it is called Ori of the Dragon Chain.",ART,,False,manga,1706173624.0,19f58s3
[SL](Request) STUNTS 9-Banme no Ghost,SL,,False,manga,1706173310.0,19f568k
[DISC] Mushoku Tensei - Special Book - Chapter 3 (Orsted Corporation),DISC,,False,manga,1706173188.0,19f54w2
Looking for a manga where MC gets shield magic powers,,"A while back i read this manga where the mc is a normal villager in a rural town and he suddenly awakens s rank (i think) shield powers and all the other s ranks in the continent immediately go to him to check him out, and the plot kicks off like that. The shields he had were holograms and i remember them being yellow i think. 

Thats honestly about all i can remember about it. Cant find it no matter how hard i try, would greaty appreciate if anyone knew it to drop the name of it in the coments!",False,manga,1706171626.0,19f4sfc
Manga with actually evil protagonist?,,"Not a cool anti-hero, revenge, crazy person, or sympathetic backstory.  Like I want to genuinely hate the protagonist and hope the real hero seriously fucks his shit up.  I could see Light from DN being that, but I think it's more a tragic corruption story than pure evil.  Anything evil mc's out there?",False,manga,1706171480.0,19f4r94
[Disc] Nezumi no Hatsukoi ch.10,DISC,,False,manga,1706171457.0,19f4r26
What to get my boyfriend?,,"Hi! My boyfriend loves anime and reads manga, and I am trying to find what manga to buy him. I donâ€™t know much/anything about it and Iâ€™m unsure of what heâ€™s already read but I do know he doesnâ€™t have any physical copies. So even if he has already read it I know heâ€™d appreciate the physical copy just the same. 
I try to listen to what heâ€™s reading and watching but all I know is heâ€™s reading something that just came out and is super long (sorry I know thatâ€™s not helpful) 
I know he has watched:
One piece (all caught up)
Hunter Hunter
Naruto 
Death Note 
Haikyuu
He doesnâ€™t like My Hero tho. 
I know those are all super popular but I get lost when they become more niche LOL 
If you have any suggestions based on that info please share! TIA!!!",False,manga,1706171123.0,19f4oeu
"â‰ï¸â‰ï¸â‰ï¸Guys, help me remember the name of the Manga.â‰ï¸â‰ï¸â‰ï¸",,"â€¼ï¸â€¼ï¸â€¼ï¸â€¼ï¸â€¼ï¸â€¼ï¸â€¼ï¸â€¼ï¸â€¼ï¸â€¼ï¸â€¼ï¸â€¼ï¸â€¼ï¸â€¼ï¸â€¼ï¸â€¼ï¸â€¼ï¸â€¼ï¸â€¼ï¸â€¼ï¸â€¼ï¸â€¼ï¸â€¼ï¸â€¼ï¸â€¼ï¸â€¼ï¸â€¼ï¸â€¼ï¸â€¼ï¸â€¼ï¸â€¼ï¸â€¼ï¸â€¼ï¸â€¼ï¸â€¼ï¸â€¼ï¸â€¼ï¸â€¼ï¸â€¼ï¸â€¼ï¸â€¼ï¸â€¼ï¸Remember the plot remotely: A group of children lived in a shelter, it seems that the government used to experiment on them, but their mentor saved them and took them away and they were shackled in the shelter.(the children don't remember this.) But at some point they are found, the shelter is attacked, the mentor is killed (not exactly), everyone is caught except one guy, he was able to escape and awaken his power (like the control of red lightning, thanks to which he could accelerate himself). A few years later, he returned, his friends were forced to build a flying ship (airship), he freed them and escaped with them on that very flying ship. He called himself the captain of this flying ship and the story revolves around the fact that they are trying to escape from the persecution of that very government (because the main character is the only one who managed to awaken the force and they want to catch him and study him to use it in their wars) and find their place in this world.",False,manga,1706170458.0,19f4ixp
[DISC] An Arranged Marriage Leads to Otaku Love - Ch. 6,DISC,,False,manga,1706170390.0,19f4iep
"[Art] Manga Colouring #25 ""RWBY No Doubt: Yang"" (RWBY Manga Anthology Vol.4)",ART,,False,manga,1706169785.0,19f4dc0
Any fantasy manga where the mc is an old person? Kinda like Bard Loen,,.,False,manga,1706169533.0,19f4az3
Looking for fantasy Gyaru,,Mayne a little weird but does anyone know of any manga where there's a gal/gyaru MC or romance set in a fantasy type world?,False,manga,1706168200.0,19f3zu2
Bored.. Help me!,,"I'm searching for some isekai manga to read. I think I've read a lot until i can't find a new and good one. I don't mind if it got a little ecchi scene and all but I don't want to read yaoi one. It's been so long that I read a manga that can spark an excitement inside me.

So, HELP ME guys. à²¥â€¿à²¥",False,manga,1706166806.0,19f3not
help me find an old manga?,,"a long time ago I had this one manga that I totally forgot the name of, it had pink lineart and a morally questionable story. the main character's brother enters her into a raffle where the prize is meeting some celebrity guy and she wins. she doesn't want to go, but she's forced to. I remember her being dressed up and meeting his family at some point. I think it was a publicity stunt ml was pulling? anyways I've been trying to find it for years now please help me (ï½¡-äºº-ï½¡)",False,manga,1706166700.0,19f3mqu
Help me,,"I don't remember the name of the manga. It's about a boy who can have the power of the a japanese great man by using a karambit to cut his throat. He also becomes friend with people who have the power of musashi darwin, newton,.... Can anyone help me?",False,manga,1706163336.0,19f2rex
[Disc] Sachiiro no One Room Gaiden - Seikai no Meitantei Ch.9,DISC,,False,manga,1706162946.0,19f2nnb
Your Fav. Top 5 Manga's,,"What's your Top 5 Manga's + what's your first manga 
Just curious",False,manga,1706216841.0,19fjwg4
[DISC] A Returnerâ€™s Magic Should Be Special - Chapter 250 (Luminous Scans),DISC,,False,manga,1706216207.0,19fjn8c
Looking for manga,," I'm looking for a fantasy manga or isekai/reincarnation in which the MC(guy) met a girl and in one of the chapters with her - they fought against difficult monster, maybe it was a large snake or something similar. her sword was destroyed during the fight and then they went to the dwarf or the person who made it for her. I think he started shouting at her etc. but when he heard that they had met this very strong monster he said he would fix it for her for free (I think) ",False,manga,1706215795.0,19fjhdn
Looking for something Intellegent,,"Recommendations please  


but I've been re-reading some older series, and picking up a new one and I know I'm gonna eat through it faster than expected. Liar's Game, a Psycho Drama Mystery that honestly I didn't think i'd enjoy, but I am.   


I like smart characters. I like character growth. I like the game of chess in the heads of people. I also like games in general, where cards, dice, and a board game are made nefarious due to the stakes involved.   


So I come to you looking for recs. 

I've read or at least looked into the following. 

Death Note - Meh, It was good, but I would have liked less Kira. 

KAKEGURUI - Dear lord I tried to like this. I stuck with it for a while but when extended family got involved I stopped. There's only so much suspension of disbelief I can take before it becomes contrived. 

Kaiji - I started it a ways back, dropped because idk. Should I pick it up again? Is it worth? 

The World is Money and Power - Started good, and it suffered the fate of many of its kind. It started focusing more on the side characters BS and not actually doing shit with the plot. Got board after MC disappeared for 5+ chapters. 

??? Game? - I cant remember what it was, but there was a story about a guy who went into a game with a bunch of other people and if their heart rate went too high they would die? And there was a lot of psychological warfare going on... Cant remember the name, but I would like to read it again. 

No Game No Life - Too far in the wrong direction. I have no feeling of stakes in any of these games, and the MCs are both creepy af. 

Battle Royal - Its an artifact of its time. Hard for me to read now. Good ideas, but implemented in what feels like shock value. 

???? Game? 2 - Another one I read and cant remember. A lot of people are suddenly sucked into a ""Game"" world and have to do things to stay alive. Gets really heavy really fast with disturbing characters. MC starts off ""nice"" but then you find out it was an act and he's REALLY twisted. Can't remember the name, would like to revisit. 

Danganronpa - I watched the anime, does it have a manga? Or are there other series similar to this? ",False,manga,1706215342.0,19fjb0d
[DISC] Even If I'm Not Fifteen - Ch.16,DISC,,True,manga,1706214761.0,19fj2nb
[Disc] Boku ga Koisuru Cosmic Star - Chapter 28,DISC,,False,manga,1706214689.0,19fj1m8
[ART] The Rampart of Ice - Volume 9 Cover,ART,,False,manga,1706213167.0,19fifv4
[Art] Great dog demo and lady zero manga (yashahime )chapter 29.,ART,,False,manga,1706212971.0,19fid2z
Soul Land 2 worth reading?,,Cant wait for New episodes so i want to read it,False,manga,1706212852.0,19fib6m
anyone remember this manga,,All I remember is he finds or gets a dragon and later on he finds the dragons parents and talks to them. Then the mom dragon gets mad at the father dragon and they have to make up. Literally all I remember if you know this please tell me.,False,manga,1706212254.0,19fi2m7
Abused noble girl with red hair and red dress,,"Looking for a manwha I came across of yt shorts about a noble girl in a red dress with a red hair running away from the people who are abusing her. And this could either be her own family or the maids in the mansion. I don't know which chapter it starts at, but it is the only description I have. Need help?!",False,manga,1706210657.0,19fhg78
[News] Man who set fire to Kyoto Animation in 2019 sentenced to death for killing 36 people.,NEWS,,False,manga,1706210587.0,19fhf76
Sauce please,ART,,False,manga,1706210447.0,19fhd88
I need help,,I'm looking for a suggestion simmilar Pick Me Up! And I don't know where to look,False,manga,1706210369.0,19fhc4l
[DISC] Maou-sama no Machizukuri! ~Saikyou no Danjon wa Kindai Toshi~ - Chapter 61,DISC,,False,manga,1706210224.0,19fha0w
[DISC] Lonely Attack on the Different World - Chapter 219,DISC,,False,manga,1706210192.0,19fh9kr
[DISC] Until Your Sword Breaks :: Chapter 11 :: Kirei Cake,DISC,,False,manga,1706209432.0,19fgyly
An Adult Love Story : Tonari no Aki to wa Kakawaranai,,"I found this very interesting. This story takes a look at the assumptions we make about others feelings and the lies we tell in social situations. It looks at how misunderstandings can hurt and shape us.

Uzuki isn't a beauty, wasn't popular in highschool and has a bad attitude when it comes to handsome men. In highschool she was close friends with the most popular and handsome boy in her school. After a misunderstanding they grew apart. 10 years later she has a new neighbor, none other than Aki, who is still as handsome and popular as ever and who still wants to be close to her.

He is dealing with his own baggage which I don't want to give spoilers away here. A short love story of only 14 chapters about highschool friends given a second chance by fate, a simple grounded love story, give it a try.

There is also a cat.

[https://mangadex.org/title/aef3d131-6b9a-41f8-94af-40dcfecb5abf/tonari-no-aki-to-wa-kakawaranai](https://mangadex.org/title/aef3d131-6b9a-41f8-94af-40dcfecb5abf/tonari-no-aki-to-wa-kakawaranai)",False,manga,1706208881.0,19fgqnp
does someone know where this picture is from? thank you.,ART,,False,manga,1706207813.0,19fgbu3
Recommend mangas with great character design,The plural of manga is manga.,"As someone who wants to make a manga, character design is the field I'm very interested in and I'm looking for manga with great variety in character looks.


It can be any manga, but at least stylized/cartoonized",False,manga,1706207693.0,19fga5g
"[ART] Seeing by touching (""Love's in Sight"" aka Yankee-kun to Hakujou Gaaru)",ART,,False,manga,1706207515.0,19fg7rl
[ART] The Shoelace (Veil),ART,,False,manga,1706207182.0,19fg2x8
[DISC] Time Stop Brave - Chapter 50: Teleport and Stop RAW,DISC,,False,manga,1706207108.0,19fg1va
Looking for the manga where a boy finds out his classmate is a vampire,,"Hello! So the guy finds out that his girl classmate is a vampire by going into a secluded room on campus where he sees her attempting to devour home-brought mice. It was a very wholesome romance manga but I totally forgot the name. Please care to enlighten me on the sauce again, thank you!",False,manga,1706206770.0,19ffxb7
